{
  "test_date": "2025-10-19T00:01:22.043824",
  "num_runs": 5,
  "test_data_size": {
    "projects": 30,
    "instructors": 6,
    "classrooms": 5,
    "timeslots": 24
  },
  "metrics": [
    {
      "run": 1,
      "unique_timeslots_used": 22,
      "unique_classrooms_used": 5,
      "unique_instructor_pairs": 3,
      "timeslot_distribution": {
        "11": 2,
        "9": 1,
        "5": 1,
        "4": 2,
        "16": 1,
        "23": 2,
        "10": 1,
        "3": 2,
        "12": 1,
        "6": 2,
        "1": 1,
        "8": 2,
        "2": 1,
        "7": 1,
        "15": 2,
        "22": 1,
        "21": 1,
        "17": 1,
        "19": 1,
        "18": 1,
        "14": 2,
        "20": 1
      },
      "classroom_distribution": {
        "2": 7,
        "3": 3,
        "5": 7,
        "4": 7,
        "1": 6
      },
      "project_timeslot_mapping": {
        "29": 20,
        "11": 9,
        "13": 14,
        "15": 4,
        "2": 16,
        "18": 12,
        "25": 10,
        "4": 3,
        "12": 6,
        "20": 3,
        "27": 4,
        "7": 1,
        "26": 8,
        "19": 2,
        "21": 7,
        "24": 21,
        "28": 6,
        "14": 11,
        "10": 15,
        "30": 22,
        "1": 23,
        "9": 17,
        "6": 19,
        "22": 18,
        "8": 14,
        "3": 15
      },
      "timeslot_usage_variance": 0.23140495867768596,
      "classroom_usage_variance": 2.4,
      "most_used_timeslot": [
        11,
        2
      ],
      "most_used_classroom": [
        2,
        7
      ]
    },
    {
      "run": 2,
      "unique_timeslots_used": 24,
      "unique_classrooms_used": 5,
      "unique_instructor_pairs": 3,
      "timeslot_distribution": {
        "11": 3,
        "4": 2,
        "12": 1,
        "9": 1,
        "21": 1,
        "19": 2,
        "23": 2,
        "15": 1,
        "8": 1,
        "10": 2,
        "5": 1,
        "7": 1,
        "6": 1,
        "2": 1,
        "1": 1,
        "3": 1,
        "22": 1,
        "18": 1,
        "14": 1,
        "20": 1,
        "13": 1,
        "24": 1,
        "16": 1,
        "17": 1
      },
      "classroom_distribution": {
        "3": 8,
        "5": 5,
        "2": 6,
        "4": 6,
        "1": 5
      },
      "project_timeslot_mapping": {
        "11": 1,
        "8": 20,
        "9": 15,
        "27": 24,
        "10": 21,
        "29": 19,
        "5": 23,
        "20": 8,
        "24": 5,
        "23": 10,
        "16": 7,
        "17": 17,
        "18": 16,
        "26": 2,
        "4": 3,
        "15": 11,
        "6": 4,
        "14": 19,
        "22": 18,
        "28": 14,
        "13": 13,
        "3": 23
      },
      "timeslot_usage_variance": 0.2708333333333333,
      "classroom_usage_variance": 1.2,
      "most_used_timeslot": [
        11,
        3
      ],
      "most_used_classroom": [
        3,
        8
      ]
    },
    {
      "run": 3,
      "unique_timeslots_used": 22,
      "unique_classrooms_used": 5,
      "unique_instructor_pairs": 3,
      "timeslot_distribution": {
        "10": 2,
        "8": 2,
        "2": 2,
        "7": 2,
        "23": 2,
        "24": 1,
        "18": 1,
        "14": 2,
        "6": 2,
        "11": 1,
        "3": 1,
        "1": 1,
        "12": 1,
        "4": 1,
        "5": 1,
        "9": 1,
        "22": 1,
        "17": 2,
        "13": 1,
        "15": 1,
        "16": 1,
        "20": 1
      },
      "classroom_distribution": {
        "1": 6,
        "3": 9,
        "4": 7,
        "5": 4,
        "2": 4
      },
      "project_timeslot_mapping": {
        "7": 10,
        "19": 5,
        "22": 12,
        "21": 14,
        "3": 7,
        "14": 8,
        "24": 23,
        "4": 6,
        "8": 18,
        "10": 14,
        "12": 7,
        "18": 6,
        "28": 11,
        "15": 2,
        "29": 3,
        "17": 1,
        "11": 4,
        "27": 9,
        "5": 22,
        "6": 17,
        "2": 17,
        "30": 15,
        "25": 16,
        "1": 20,
        "26": 23
      },
      "timeslot_usage_variance": 0.23140495867768596,
      "classroom_usage_variance": 3.6,
      "most_used_timeslot": [
        10,
        2
      ],
      "most_used_classroom": [
        3,
        9
      ]
    },
    {
      "run": 4,
      "unique_timeslots_used": 24,
      "unique_classrooms_used": 5,
      "unique_instructor_pairs": 3,
      "timeslot_distribution": {
        "9": 1,
        "3": 3,
        "7": 1,
        "11": 2,
        "4": 2,
        "22": 1,
        "17": 1,
        "15": 1,
        "18": 1,
        "14": 1,
        "24": 1,
        "16": 1,
        "8": 1,
        "10": 2,
        "5": 1,
        "2": 1,
        "12": 1,
        "1": 1,
        "6": 2,
        "23": 1,
        "13": 1,
        "19": 1,
        "20": 1,
        "21": 1
      },
      "classroom_distribution": {
        "3": 8,
        "5": 6,
        "1": 7,
        "4": 4,
        "2": 5
      },
      "project_timeslot_mapping": {
        "6": 24,
        "7": 21,
        "15": 23,
        "18": 11,
        "27": 4,
        "20": 3,
        "30": 22,
        "17": 17,
        "28": 20,
        "1": 18,
        "12": 14,
        "2": 16,
        "8": 10,
        "16": 10,
        "13": 3,
        "3": 11,
        "26": 2,
        "10": 6,
        "19": 6,
        "21": 1,
        "25": 13,
        "14": 19
      },
      "timeslot_usage_variance": 0.2708333333333333,
      "classroom_usage_variance": 2.0,
      "most_used_timeslot": [
        3,
        3
      ],
      "most_used_classroom": [
        3,
        8
      ]
    },
    {
      "run": 5,
      "unique_timeslots_used": 24,
      "unique_classrooms_used": 5,
      "unique_instructor_pairs": 3,
      "timeslot_distribution": {
        "2": 2,
        "3": 1,
        "5": 1,
        "11": 1,
        "12": 2,
        "15": 1,
        "16": 1,
        "24": 2,
        "10": 1,
        "4": 1,
        "1": 2,
        "6": 2,
        "7": 1,
        "9": 1,
        "8": 1,
        "14": 1,
        "23": 1,
        "19": 1,
        "13": 1,
        "20": 1,
        "21": 1,
        "18": 2,
        "17": 1,
        "22": 1
      },
      "classroom_distribution": {
        "2": 8,
        "5": 5,
        "4": 9,
        "1": 5,
        "3": 3
      },
      "project_timeslot_mapping": {
        "4": 24,
        "27": 7,
        "8": 16,
        "5": 2,
        "20": 11,
        "26": 18,
        "7": 23,
        "16": 22,
        "1": 4,
        "15": 12,
        "18": 6,
        "23": 6,
        "11": 9,
        "29": 8,
        "6": 1,
        "28": 14,
        "13": 24,
        "12": 19,
        "30": 13,
        "21": 20,
        "2": 21,
        "19": 18,
        "22": 17
      },
      "timeslot_usage_variance": 0.1875,
      "classroom_usage_variance": 4.8,
      "most_used_timeslot": [
        2,
        2
      ],
      "most_used_classroom": [
        4,
        9
      ]
    }
  ]
}